{"centrepointy": 68.5, "arrayCorners": [[0, 228], [-7, 137], [137, 126], [144, 216]], "angle": 85.60129464500447, "centrepointx": 177.0, "objectNumber": "1"}
,
{"centrepointy": 278.5, "arrayCorners": [[3, 137], [-1, 109], [554, -8], [560, 18]], "angle": 81.86989764584403, "centrepointx": 64.5, "objectNumber": "2"}
,
{"centrepointy": 170.0, "arrayCorners": [[156, 282], [147, 229], [184, 223], [193, 275]], "angle": 80.36246188706906, "centrepointx": 252.5, "objectNumber": "3"}
,
{"centrepointy": 178.5, "arrayCorners": [[179, 196], [174, 171], [178, 171], [183, 195]], "angle": 78.69006752597979, "centrepointx": 183.5, "objectNumber": "4"}
,
{"centrepointy": 194.5, "arrayCorners": [[199, 375], [187, 281], [190, 280], [202, 374]], "angle": 82.72499504211075, "centrepointx": 327.5, "objectNumber": "5"}
,
{"centrepointy": 209.0, "arrayCorners": [[212, 479], [204, 424], [206, 423], [214, 478]], "angle": 81.7241071729248, "centrepointx": 451.0, "objectNumber": "6"}
,
