{
  "builtin_entity_scope": [],
  "config": {
    "unit_name": "tfidf_vectorizer",
    "use_stemming": false,
    "word_clusters_name": null
  },
  "language_code": "en",
  "vectorizer": {
    "idf_diag": [
      4.3964241029094975,
      5.243721963296702,
      3.8574276021768106,
      4.145109674628591,
      4.95603989084492,
      4.145109674628591,
      4.95603989084492,
      4.95603989084492,
      3.297811814241388,
      4.73289633953071,
      5.6491870714048655,
      4.95603989084492,
      4.039749158970765,
      5.243721963296702,
      5.243721963296702,
      5.6491870714048655,
      4.95603989084492,
      4.95603989084492,
      4.550574782736756,
      4.145109674628591,
      4.73289633953071,
      2.9750384219783372,
      4.262892710284975,
      3.297811814241388,
      4.73289633953071,
      3.3978952727983707,
      4.95603989084492,
      4.262892710284975,
      4.039749158970765,
      4.550574782736756,
      5.243721963296702,
      4.262892710284975,
      4.95603989084492,
      4.73289633953071,
      4.73289633953071,
      4.262892710284975,
      4.95603989084492,
      5.6491870714048655,
      3.56974552972503,
      4.95603989084492,
      3.777384894503274,
      4.95603989084492,
      4.3964241029094975,
      4.550574782736756,
      4.95603989084492,
      2.8458266904983307,
      3.7032769223495525,
      5.6491870714048655,
      5.6491870714048655,
      4.145109674628591,
      5.6491870714048655,
      4.262892710284975,
      4.73289633953071,
      5.243721963296702,
      3.1234584270966104,
      5.243721963296702,
      5.6491870714048655,
      3.1234584270966104,
      4.550574782736756,
      5.243721963296702,
      2.758815313508701,
      4.550574782736756,
      3.9444389791664403,
      4.550574782736756,
      4.95603989084492,
      4.73289633953071,
      1.2609298869803478,
      5.243721963296702,
      4.262892710284975
    ],
    "vocab": {
      "&": 0,
      "0": 1,
      "a": 2,
      "angle": 3,
      "axis": 4,
      "centre": 5,
      "code": 6,
      "combine": 7,
      "commands": 8,
      "create": 9,
      "degrees": 10,
      "delete": 11,
      "difference": 12,
      "drill": 13,
      "eighty": 14,
      "enable": 15,
      "entityfeaturecombine": 16,
      "entityfeaturedelete": 17,
      "entityfeaturedril": 18,
      "entityfeatureextra": 19,
      "entityfeaturegcode": 20,
      "entityfeaturegetal": 21,
      "entityfeaturescan": 22,
      "entityfeatureshowcommands": 23,
      "entityfeatureshowobjectdifference": 24,
      "entityfeaturesort": 25,
      "entityfeaturetrace": 26,
      "entityfeatureturn": 27,
      "entityfeaturevisioncommands": 28,
      "execute": 29,
      "fifty": 30,
      "find": 31,
      "fine": 32,
      "five": 33,
      "four": 34,
      "full": 35,
      "g": 36,
      "gcode": 37,
      "hundred": 38,
      "image": 39,
      "in": 40,
      "new": 41,
      "nine": 42,
      "object": 43,
      "objects": 44,
      "of": 45,
      "one": 46,
      "outline": 47,
      "picture": 48,
      "point": 49,
      "reset": 50,
      "scan": 51,
      "seven": 52,
      "shortest": 53,
      "show": 54,
      "six": 55,
      "stop": 56,
      "system": 57,
      "table": 58,
      "take": 59,
      "the": 60,
      "thirty": 61,
      "thousand": 62,
      "three": 63,
      "trace": 64,
      "twenty": 65,
      "unknownword": 66,
      "up": 67,
      "z": 68
    }
  }
}