{
  "builtin_entity_scope": [],
  "config": {
    "unit_name": "tfidf_vectorizer",
    "use_stemming": false,
    "word_clusters_name": null
  },
  "language_code": "en",
  "vectorizer": {
    "idf_diag": [
      4.264486336120253,
      5.363098624788363,
      5.363098624788363,
      5.363098624788363,
      4.446807892914208,
      5.363098624788363,
      4.264486336120253,
      5.363098624788363,
      4.957633516680199,
      5.363098624788363,
      4.446807892914208,
      5.363098624788363,
      4.264486336120253,
      4.110335656292994,
      3.165874047452143,
      4.446807892914208,
      4.264486336120253,
      4.264486336120253,
      4.446807892914208,
      5.363098624788363,
      5.363098624788363,
      4.957633516680199,
      4.446807892914208,
      3.4912964478867714,
      4.446807892914208,
      4.446807892914208,
      4.264486336120253,
      3.4912964478867714,
      4.957633516680199,
      5.363098624788363,
      4.446807892914208,
      4.669951444228417,
      3.6583505325499375,
      5.363098624788363,
      4.957633516680199,
      4.446807892914208,
      4.669951444228417,
      5.363098624788363,
      4.110335656292994,
      4.957633516680199,
      5.363098624788363,
      5.363098624788363,
      5.363098624788363,
      3.7536607123542622,
      4.446807892914208,
      4.669951444228417,
      3.8590212280120886,
      1.3026556142419434,
      4.669951444228417,
      4.446807892914208
    ],
    "vocab": {
      "&": 0,
      "1345": 1,
      "335": 2,
      "autoscale": 3,
      "axis": 4,
      "begin": 5,
      "cancel": 6,
      "choose": 7,
      "combine": 8,
      "difference": 9,
      "eight": 10,
      "eighty": 11,
      "entityfeaturealgemeen": 12,
      "entityfeaturedifference": 13,
      "entityfeaturegetal": 14,
      "entityfeaturelijmen_frezen_tekenen": 15,
      "entityfeaturemagneet_zuignap": 16,
      "entityfeatureobject": 17,
      "entityfeaturescan": 18,
      "fifteen": 19,
      "fifty": 20,
      "files": 21,
      "five": 22,
      "for": 23,
      "forty": 24,
      "four": 25,
      "group": 26,
      "hundred": 27,
      "nine": 28,
      "ninety": 29,
      "object": 30,
      "objects": 31,
      "one": 32,
      "place": 33,
      "position": 34,
      "scan": 35,
      "seven": 36,
      "seventy": 37,
      "show": 38,
      "six": 39,
      "sixteen": 40,
      "table": 41,
      "thirty": 42,
      "thousand": 43,
      "turn": 44,
      "twenty": 45,
      "two": 46,
      "unknownword": 47,
      "x": 48,
      "z": 49
    }
  }
}